YEAR,gender,total,year_count,final_freq,position,Trait
2005,Female,0.3,1,0.3,All,All traits
2005,Male,0.7,1,0.7,All,All traits
2006,Female,1.20691699604743,3,0.402305665349144,All,All traits
2006,Male,1.79308300395257,3,0.597694334650856,All,All traits
2007,Female,18.4365960158539,51,0.361501882663801,All,All traits
2007,Male,32.5634039841461,51,0.638498117336199,All,All traits
2008,Female,20.2714942157935,63,0.32176974945704,All,All traits
2008,Male,42.7285057842065,63,0.67823025054296,All,All traits
2009,Female,31.1847259926632,96,0.324840895756909,All,All traits
2009,Male,64.8152740073368,96,0.675159104243091,All,All traits
2010,Female,44.7996289645784,144,0.311108534476239,All,All traits
2010,Male,99.2003710354216,144,0.688891465523761,All,All traits
2011,Female,56.1571179497101,172,0.32649487180064,All,All traits
2011,Male,115.84288205029,172,0.67350512819936,All,All traits
2012,Female,51.996215988572,163,0.318995190113939,All,All traits
2012,Male,111.003784011428,163,0.681004809886061,All,All traits
2013,Female,59.1590346812751,175,0.338051626750143,All,All traits
2013,Male,115.840965318725,175,0.661948373249857,All,All traits
2014,Female,47.9137671364054,138,0.347201211133372,All,All traits
2014,Male,90.0862328635946,138,0.652798788866628,All,All traits
2015,Female,50.6831211458815,144,0.351966119068621,All,All traits
2015,Male,93.3168788541185,144,0.648033880931379,All,All traits
2016,Female,48.3596773401295,135,0.358219832149107,All,All traits
2016,Male,86.6403226598705,135,0.641780167850893,All,All traits
2017,Female,55.3646619580944,165,0.335543405806633,All,All traits
2017,Male,109.635338041906,165,0.664456594193367,All,All traits
2018,Female,79.1321236308881,234,0.338171468508069,All,All traits
2018,Male,154.867876369112,234,0.661828531491931,All,All traits
2019,Female,65.2922213593175,186,0.351033448168374,All,All traits
2019,Male,120.707778640683,186,0.648966551831626,All,All traits
2020,Female,35.1367395832297,104,0.337853265223362,All,All traits
2020,Male,68.8632604167703,104,0.662146734776638,All,All traits
2021,Female,67.7694742621505,192,0.352966011782034,All,All traits
2021,Male,124.23052573785,192,0.647033988217966,All,All traits
2005,Male,1,1,1,First,All traits
2006,Female,1,3,0.333333333333333,First,All traits
2006,Male,2,3,0.666666666666667,First,All traits
2007,Female,13.3166666666667,50,0.266333333333333,First,All traits
2007,Male,36.6833333333333,50,0.733666666666667,First,All traits
2008,Female,17.9333333333333,63,0.284656084656085,First,All traits
2008,Male,45.0666666666667,63,0.715343915343915,First,All traits
2009,Female,35.1973084886128,96,0.366638630089717,First,All traits
2009,Male,60.8026915113872,96,0.633361369910283,First,All traits
2010,Female,54.2976190476191,144,0.377066798941799,First,All traits
2010,Male,89.702380952381,144,0.622933201058201,First,All traits
2011,Female,59.6520923520924,172,0.346814490419142,First,All traits
2011,Male,112.347907647908,172,0.653185509580858,First,All traits
2012,Female,58.0305555555556,161,0.36043823326432,First,All traits
2012,Male,102.969444444444,161,0.63956176673568,First,All traits
2013,Female,63.3166666666667,173,0.365992292870906,First,All traits
2013,Male,109.683333333333,173,0.634007707129095,First,All traits
2014,Female,63.802380952381,136,0.469135154061625,First,All traits
2014,Male,72.1976190476191,136,0.530864845938375,First,All traits
2015,Female,57.5238095238095,143,0.402264402264402,First,All traits
2015,Male,85.4761904761905,143,0.597735597735598,First,All traits
2016,Female,58.7778138528139,135,0.435391213724547,First,All traits
2016,Male,76.2221861471862,135,0.564608786275453,First,All traits
2017,Female,62.1119047619048,162,0.383406819517931,First,All traits
2017,Male,99.8880952380952,162,0.616593180482069,First,All traits
2018,Female,100.828571428571,232,0.434605911330049,First,All traits
2018,Male,131.171428571429,232,0.565394088669951,First,All traits
2019,Female,82.0821428571429,185,0.443687258687259,First,All traits
2019,Male,102.917857142857,185,0.556312741312741,First,All traits
2020,Female,43,103,0.41747572815534,First,All traits
2020,Male,60,103,0.58252427184466,First,All traits
2021,Female,80.1833333333333,190,0.422017543859649,First,All traits
2021,Male,109.816666666667,190,0.577982456140351,First,All traits
2005,Male,1,1,1,Senior,All traits
2006,Female,1,3,0.333333333333333,Senior,All traits
2006,Male,2,3,0.666666666666667,Senior,All traits
2007,Female,4.83333333333333,51,0.0947712418300654,Senior,All traits
2007,Male,46.1666666666667,51,0.905228758169935,Senior,All traits
2008,Female,4.16666666666667,63,0.0661375661375662,Senior,All traits
2008,Male,58.8333333333333,63,0.933862433862434,Senior,All traits
2009,Female,19.3952380952381,96,0.20203373015873,Senior,All traits
2009,Male,76.6047619047619,96,0.79796626984127,Senior,All traits
2010,Female,24.3583333333333,143,0.170337995337995,Senior,All traits
2010,Male,118.641666666667,143,0.829662004662005,Senior,All traits
2011,Female,40.356746031746,172,0.234632244370617,Senior,All traits
2011,Male,131.643253968254,172,0.765367755629384,Senior,All traits
2012,Female,38.2388888888889,161,0.237508626639061,Senior,All traits
2012,Male,122.761111111111,161,0.762491373360939,Senior,All traits
2013,Female,42,173,0.242774566473988,Senior,All traits
2013,Male,131,173,0.757225433526012,Senior,All traits
2014,Female,39.4369047619048,135,0.292125220458554,Senior,All traits
2014,Male,95.5630952380952,135,0.707874779541446,Senior,All traits
2015,Female,37.2690476190476,143,0.260622710622711,Senior,All traits
2015,Male,105.730952380952,143,0.739377289377289,Senior,All traits
2016,Female,41.6166666666667,134,0.310572139303483,Senior,All traits
2016,Male,92.3833333333334,134,0.689427860696518,Senior,All traits
2017,Female,50.7,162,0.312962962962963,Senior,All traits
2017,Male,111.3,162,0.687037037037037,Senior,All traits
2018,Female,58.9916666666667,232,0.254274425287356,Senior,All traits
2018,Male,173.008333333333,232,0.745725574712644,Senior,All traits
2019,Female,52.3373737373737,185,0.282904722904723,Senior,All traits
2019,Male,132.662626262626,185,0.717095277095277,Senior,All traits
2020,Female,28.0166666666667,104,0.269391025641026,Senior,All traits
2020,Male,75.9833333333333,104,0.730608974358974,Senior,All traits
2021,Female,53.1833333333333,191,0.278446771378709,Senior,All traits
2021,Male,137.816666666667,191,0.721553228621291,Senior,All traits
2007,Female,4.7424761984483,12,0.395206349870691,All,Cancer
2007,Male,7.2575238015517,12,0.604793650129309,All,Cancer
2008,Female,7.06975514982746,18,0.392764174990415,All,Cancer
2008,Male,10.9302448501725,18,0.607235825009585,All,Cancer
2009,Female,9.05425465192475,24,0.377260610496864,All,Cancer
2009,Male,14.9457453480753,24,0.622739389503136,All,Cancer
2010,Female,12.9834887700398,37,0.350905101892969,All,Cancer
2010,Male,24.0165112299602,37,0.649094898107031,All,Cancer
2011,Female,13.4373067826921,39,0.344546327761335,All,Cancer
2011,Male,25.562693217308,39,0.655453672238665,All,Cancer
2012,Female,15.0836362264391,44,0.342809914237251,All,Cancer
2012,Male,28.916363773561,44,0.657190085762749,All,Cancer
2013,Female,17.7295843088975,46,0.385425745845599,All,Cancer
2013,Male,28.2704156911025,46,0.614574254154401,All,Cancer
2014,Female,14.1568148906951,38,0.372547760281449,All,Cancer
2014,Male,23.8431851093049,38,0.627452239718551,All,Cancer
2015,Female,16.8861690501856,45,0.375248201115236,All,Cancer
2015,Male,28.1138309498144,45,0.624751798884764,All,Cancer
2016,Female,17.7683676806235,44,0.403826538195989,All,Cancer
2016,Male,26.2316323193765,44,0.596173461804011,All,Cancer
2017,Female,17.4286179253984,47,0.3708216579872,All,Cancer
2017,Male,29.5713820746016,47,0.6291783420128,All,Cancer
2018,Female,20.1023394138463,59,0.340717617183836,All,Cancer
2018,Male,38.8976605861537,59,0.659282382816164,All,Cancer
2019,Female,12.516155769615,34,0.368122228518089,All,Cancer
2019,Male,21.483844230385,34,0.631877771481911,All,Cancer
2020,Female,5.01868623152234,16,0.313667889470146,All,Cancer
2020,Male,10.9813137684777,16,0.686332110529854,All,Cancer
2021,Female,12.5068021988885,32,0.390837568715266,All,Cancer
2021,Male,19.4931978011115,32,0.609162431284734,All,Cancer
2007,Female,4,12,0.333333333333333,First,Cancer
2007,Male,8,12,0.666666666666667,First,Cancer
2008,Female,4.93333333333333,18,0.274074074074074,First,Cancer
2008,Male,13.0666666666667,18,0.725925925925926,First,Cancer
2009,Female,11.0782608695652,24,0.461594202898551,First,Cancer
2009,Male,12.9217391304348,24,0.538405797101449,First,Cancer
2010,Female,17.002380952381,37,0.45952380952381,First,Cancer
2010,Male,19.997619047619,37,0.54047619047619,First,Cancer
2011,Female,14.2261904761905,39,0.364774114774115,First,Cancer
2011,Male,24.7738095238095,39,0.635225885225885,First,Cancer
2012,Female,20.2333333333333,44,0.459848484848485,First,Cancer
2012,Male,23.7666666666667,44,0.540151515151515,First,Cancer
2013,Female,18.8166666666667,45,0.418148148148148,First,Cancer
2013,Male,26.1833333333333,45,0.581851851851852,First,Cancer
2014,Female,18.6190476190476,38,0.489974937343358,First,Cancer
2014,Male,19.3809523809524,38,0.510025062656642,First,Cancer
2015,Female,19,45,0.422222222222222,First,Cancer
2015,Male,26,45,0.577777777777778,First,Cancer
2016,Female,20.1242424242424,44,0.45736914600551,First,Cancer
2016,Male,23.8757575757576,44,0.54263085399449,First,Cancer
2017,Female,18.8452380952381,47,0.40096251266464,First,Cancer
2017,Male,28.1547619047619,47,0.59903748733536,First,Cancer
2018,Female,27.6833333333333,59,0.469209039548023,First,Cancer
2018,Male,31.3166666666667,59,0.530790960451977,First,Cancer
2019,Female,14.2619047619048,34,0.419467787114846,First,Cancer
2019,Male,19.7380952380952,34,0.580532212885154,First,Cancer
2020,Female,6,16,0.375,First,Cancer
2020,Male,10,16,0.625,First,Cancer
2021,Female,17.6666666666667,32,0.552083333333333,First,Cancer
2021,Male,14.3333333333333,32,0.447916666666667,First,Cancer
2007,Female,1,12,0.0833333333333333,Senior,Cancer
2007,Male,11,12,0.916666666666667,Senior,Cancer
2008,Female,1.5,18,0.0833333333333333,Senior,Cancer
2008,Male,16.5,18,0.916666666666667,Senior,Cancer
2009,Female,5.66666666666667,24,0.236111111111111,Senior,Cancer
2009,Male,18.3333333333333,24,0.763888888888889,Senior,Cancer
2010,Female,4.5,36,0.125,Senior,Cancer
2010,Male,31.5,36,0.875,Senior,Cancer
2011,Female,6.5,39,0.166666666666667,Senior,Cancer
2011,Male,32.5,39,0.833333333333333,Senior,Cancer
2012,Female,9.16666666666667,44,0.208333333333333,Senior,Cancer
2012,Male,34.8333333333333,44,0.791666666666667,Senior,Cancer
2013,Female,13.5666666666667,46,0.294927536231884,Senior,Cancer
2013,Male,32.4333333333333,46,0.705072463768116,Senior,Cancer
2014,Female,11.0202380952381,38,0.29000626566416,Senior,Cancer
2014,Male,26.9797619047619,38,0.70999373433584,Senior,Cancer
2015,Female,13.1166666666667,45,0.291481481481482,Senior,Cancer
2015,Male,31.8833333333333,45,0.708518518518519,Senior,Cancer
2016,Female,16.2277777777778,44,0.368813131313131,Senior,Cancer
2016,Male,27.7722222222222,44,0.631186868686869,Senior,Cancer
2017,Female,14.9666666666667,47,0.318439716312057,Senior,Cancer
2017,Male,32.0333333333333,47,0.681560283687943,Senior,Cancer
2018,Female,17.7666666666667,58,0.30632183908046,Senior,Cancer
2018,Male,40.2333333333333,58,0.69367816091954,Senior,Cancer
2019,Female,11.5833333333333,33,0.351010101010101,Senior,Cancer
2019,Male,21.4166666666667,33,0.648989898989899,Senior,Cancer
2020,Female,3.83333333333333,16,0.239583333333333,Senior,Cancer
2020,Male,12.1666666666667,16,0.760416666666667,Senior,Cancer
2021,Female,11.6666666666667,32,0.364583333333333,Senior,Cancer
2021,Male,20.3333333333333,32,0.635416666666667,Senior,Cancer
2007,Female,2.33762206739215,8,0.292202758424019,All,CVD
2007,Male,5.66237793260785,8,0.707797241575982,All,CVD
2008,Female,0.451515151515152,2,0.225757575757576,All,CVD
2008,Male,1.54848484848485,2,0.774242424242424,All,CVD
2009,Female,6.16924584281441,18,0.342735880156356,All,CVD
2009,Male,11.8307541571856,18,0.657264119843644,All,CVD
2010,Female,5.46917767393046,22,0.248598985178657,All,CVD
2010,Male,16.5308223260695,22,0.751401014821343,All,CVD
2011,Female,13.1899557751486,39,0.338203994234579,All,CVD
2011,Male,25.8100442248514,39,0.661796005765421,All,CVD
2012,Female,7.33311670505454,26,0.282042950194406,All,CVD
2012,Male,18.6668832949455,26,0.717957049805595,All,CVD
2013,Female,11.2986744495986,32,0.353083576549957,All,CVD
2013,Male,20.7013255504014,32,0.646916423450043,All,CVD
2014,Female,7.36598164606152,25,0.294639265842461,All,CVD
2014,Male,17.6340183539385,25,0.705360734157539,All,CVD
2015,Female,7.01132619373247,22,0.318696645169658,All,CVD
2015,Male,14.9886738062675,22,0.681303354830342,All,CVD
2016,Female,11.2108344251669,30,0.373694480838898,All,CVD
2016,Male,18.7891655748331,30,0.626305519161102,All,CVD
2017,Female,9.59918457048176,34,0.282328957955346,All,CVD
2017,Male,24.4008154295182,34,0.717671042044654,All,CVD
2018,Female,17.0666918911708,53,0.322013054550392,All,CVD
2018,Male,35.9333081088292,53,0.677986945449608,All,CVD
2019,Female,10.1817170296296,33,0.308536879685747,All,CVD
2019,Male,22.8182829703704,33,0.691463120314253,All,CVD
2020,Female,6.83163315559807,20,0.341581657779904,All,CVD
2020,Male,13.1683668444019,20,0.658418342220096,All,CVD
2021,Female,17.6247074525087,49,0.359687907194055,All,CVD
2021,Male,31.3752925474913,49,0.640312092805945,All,CVD
2007,Female,1.23333333333333,8,0.154166666666667,First,CVD
2007,Male,6.76666666666667,8,0.845833333333333,First,CVD
2008,Female,2,2,1,First,CVD
2009,Female,5.83333333333333,18,0.324074074074074,First,CVD
2009,Male,12.1666666666667,18,0.675925925925926,First,CVD
2010,Female,8.27857142857143,22,0.376298701298701,First,CVD
2010,Male,13.7214285714286,22,0.623701298701299,First,CVD
2011,Female,13.8997113997114,39,0.356402856402856,First,CVD
2011,Male,25.1002886002886,39,0.643597143597144,First,CVD
2012,Female,8.58333333333333,26,0.330128205128205,First,CVD
2012,Male,17.4166666666667,26,0.669871794871795,First,CVD
2013,Female,8.91666666666667,31,0.287634408602151,First,CVD
2013,Male,22.0833333333333,31,0.712365591397849,First,CVD
2014,Female,9.58333333333333,25,0.383333333333333,First,CVD
2014,Male,15.4166666666667,25,0.616666666666667,First,CVD
2015,Female,8.52380952380952,22,0.387445887445887,First,CVD
2015,Male,13.4761904761905,22,0.612554112554113,First,CVD
2016,Female,11.7035714285714,30,0.390119047619048,First,CVD
2016,Male,18.2964285714286,30,0.609880952380952,First,CVD
2017,Female,9.51666666666667,33,0.288383838383838,First,CVD
2017,Male,23.4833333333333,33,0.711616161616162,First,CVD
2018,Female,24.5619047619048,53,0.463432165318958,First,CVD
2018,Male,28.4380952380952,53,0.536567834681042,First,CVD
2019,Female,17.8333333333333,33,0.54040404040404,First,CVD
2019,Male,15.1666666666667,33,0.45959595959596,First,CVD
2020,Female,9.16666666666667,20,0.458333333333333,First,CVD
2020,Male,10.8333333333333,20,0.541666666666667,First,CVD
2021,Female,20.5,49,0.418367346938776,First,CVD
2021,Male,28.5,49,0.581632653061225,First,CVD
2007,Male,8,8,1,Senior,CVD
2008,Male,2,2,1,Senior,CVD
2009,Female,5.22857142857143,18,0.290476190476191,Senior,CVD
2009,Male,12.7714285714286,18,0.70952380952381,Senior,CVD
2010,Female,3.33333333333333,22,0.151515151515152,Senior,CVD
2010,Male,18.6666666666667,22,0.848484848484848,Senior,CVD
2011,Female,8.98174603174603,39,0.23030118030118,Senior,CVD
2011,Male,30.018253968254,39,0.76969881969882,Senior,CVD
2012,Female,6.66666666666667,25,0.266666666666667,Senior,CVD
2012,Male,18.3333333333333,25,0.733333333333333,Senior,CVD
2013,Female,5.93333333333333,31,0.191397849462366,Senior,CVD
2013,Male,25.0666666666667,31,0.808602150537634,Senior,CVD
2014,Female,7.75,25,0.31,Senior,CVD
2014,Male,17.25,25,0.69,Senior,CVD
2015,Female,6.65238095238095,22,0.302380952380952,Senior,CVD
2015,Male,15.347619047619,22,0.697619047619048,Senior,CVD
2016,Female,12.4444444444444,30,0.414814814814815,Senior,CVD
2016,Male,17.5555555555556,30,0.585185185185185,Senior,CVD
2017,Female,11.0666666666667,34,0.325490196078431,Senior,CVD
2017,Male,22.9333333333333,34,0.674509803921569,Senior,CVD
2018,Female,11.8583333333333,53,0.22374213836478,Senior,CVD
2018,Male,41.1416666666667,53,0.77625786163522,Senior,CVD
2019,Female,8.5,33,0.257575757575758,Senior,CVD
2019,Male,24.5,33,0.742424242424242,Senior,CVD
2020,Female,6.83333333333333,20,0.341666666666667,Senior,CVD
2020,Male,13.1666666666667,20,0.658333333333333,Senior,CVD
2021,Female,15.1666666666667,48,0.315972222222222,Senior,CVD
2021,Male,32.8333333333333,48,0.684027777777778,Senior,CVD
2007,Female,0.613636363636364,2,0.306818181818182,All,Chronic respiratory disease
2007,Male,1.38636363636364,2,0.693181818181818,All,Chronic respiratory disease
2008,Female,3.09733120760518,8,0.387166400950648,All,Chronic respiratory disease
2008,Male,4.90266879239482,8,0.612833599049353,All,Chronic respiratory disease
2009,Female,3.7801186736558,11,0.343647152150528,All,Chronic respiratory disease
2009,Male,7.2198813263442,11,0.656352847849472,All,Chronic respiratory disease
2010,Female,4.3276031585969,16,0.270475197412306,All,Chronic respiratory disease
2010,Male,11.6723968414031,16,0.729524802587694,All,Chronic respiratory disease
2011,Female,6.72851432461837,21,0.320405444029446,All,Chronic respiratory disease
2011,Male,14.2714856753816,21,0.679594555970554,All,Chronic respiratory disease
2012,Female,6.95900501218936,22,0.316318409644971,All,Chronic respiratory disease
2012,Male,15.0409949878106,22,0.683681590355029,All,Chronic respiratory disease
2013,Female,5.85110497744333,20,0.292555248872166,All,Chronic respiratory disease
2013,Male,14.1488950225567,20,0.707444751127834,All,Chronic respiratory disease
2014,Female,5.59147452582541,18,0.310637473656967,All,Chronic respiratory disease
2014,Male,12.4085254741746,18,0.689362526343033,All,Chronic respiratory disease
2015,Female,6.51702458832557,20,0.325851229416279,All,Chronic respiratory disease
2015,Male,13.4829754116744,20,0.674148770583721,All,Chronic respiratory disease
2016,Female,6.91386664302706,19,0.363887718054056,All,Chronic respiratory disease
2016,Male,12.0861333569729,19,0.636112281945944,All,Chronic respiratory disease
2017,Female,5.38701636676114,15,0.359134424450743,All,Chronic respiratory disease
2017,Male,9.61298363323886,15,0.640865575549258,All,Chronic respiratory disease
2018,Female,10.0089490047504,29,0.3451361725776,All,Chronic respiratory disease
2018,Male,18.9910509952496,29,0.6548638274224,All,Chronic respiratory disease
2019,Female,8.14613261653703,24,0.33942219235571,All,Chronic respiratory disease
2019,Male,15.853867383463,24,0.660577807644291,All,Chronic respiratory disease
2020,Female,4.22472931480284,11,0.384066301345713,All,Chronic respiratory disease
2020,Male,6.77527068519716,11,0.615933698654287,All,Chronic respiratory disease
2021,Female,8.01273351108591,23,0.348379717873301,All,Chronic respiratory disease
2021,Male,14.9872664889141,23,0.651620282126699,All,Chronic respiratory disease
2007,Female,1.33333333333333,2,0.666666666666667,First,Chronic respiratory disease
2007,Male,0.666666666666667,2,0.333333333333333,First,Chronic respiratory disease
2008,Female,3.33333333333333,8,0.416666666666667,First,Chronic respiratory disease
2008,Male,4.66666666666667,8,0.583333333333333,First,Chronic respiratory disease
2009,Female,6,11,0.545454545454545,First,Chronic respiratory disease
2009,Male,5,11,0.454545454545455,First,Chronic respiratory disease
2010,Female,5.26666666666667,16,0.329166666666667,First,Chronic respiratory disease
2010,Male,10.7333333333333,16,0.670833333333333,First,Chronic respiratory disease
2011,Female,7.64285714285714,21,0.363945578231293,First,Chronic respiratory disease
2011,Male,13.3571428571429,21,0.636054421768708,First,Chronic respiratory disease
2012,Female,9.16666666666667,21,0.436507936507936,First,Chronic respiratory disease
2012,Male,11.8333333333333,21,0.563492063492063,First,Chronic respiratory disease
2013,Female,8,19,0.421052631578947,First,Chronic respiratory disease
2013,Male,11,19,0.578947368421053,First,Chronic respiratory disease
2014,Female,10.25,18,0.569444444444445,First,Chronic respiratory disease
2014,Male,7.75,18,0.430555555555556,First,Chronic respiratory disease
2015,Female,8,20,0.4,First,Chronic respiratory disease
2015,Male,12,20,0.6,First,Chronic respiratory disease
2016,Female,9.42424242424242,19,0.496012759170654,First,Chronic respiratory disease
2016,Male,9.57575757575758,19,0.503987240829346,First,Chronic respiratory disease
2017,Female,5.75,14,0.410714285714286,First,Chronic respiratory disease
2017,Male,8.25,14,0.589285714285714,First,Chronic respiratory disease
2018,Female,15.5952380952381,29,0.537766830870279,First,Chronic respiratory disease
2018,Male,13.4047619047619,29,0.462233169129721,First,Chronic respiratory disease
2019,Female,8.66666666666667,24,0.361111111111111,First,Chronic respiratory disease
2019,Male,15.3333333333333,24,0.638888888888889,First,Chronic respiratory disease
2020,Female,5,11,0.454545454545455,First,Chronic respiratory disease
2020,Male,6,11,0.545454545454545,First,Chronic respiratory disease
2021,Female,9,23,0.391304347826087,First,Chronic respiratory disease
2021,Male,14,23,0.608695652173913,First,Chronic respiratory disease
2007,Male,2,2,1,Senior,Chronic respiratory disease
2008,Female,0.5,8,0.0625,Senior,Chronic respiratory disease
2008,Male,7.5,8,0.9375,Senior,Chronic respiratory disease
2009,Female,3.5,11,0.318181818181818,Senior,Chronic respiratory disease
2009,Male,7.5,11,0.681818181818182,Senior,Chronic respiratory disease
2010,Female,1.25,16,0.078125,Senior,Chronic respiratory disease
2010,Male,14.75,16,0.921875,Senior,Chronic respiratory disease
2011,Female,5.41666666666667,21,0.257936507936508,Senior,Chronic respiratory disease
2011,Male,15.5833333333333,21,0.742063492063492,Senior,Chronic respiratory disease
2012,Female,3.66666666666667,21,0.174603174603175,Senior,Chronic respiratory disease
2012,Male,17.3333333333333,21,0.825396825396825,Senior,Chronic respiratory disease
2013,Female,2.4,20,0.12,Senior,Chronic respiratory disease
2013,Male,17.6,20,0.88,Senior,Chronic respiratory disease
2014,Female,6.58333333333333,18,0.365740740740741,Senior,Chronic respiratory disease
2014,Male,11.4166666666667,18,0.634259259259259,Senior,Chronic respiratory disease
2015,Female,1.5,20,0.075,Senior,Chronic respiratory disease
2015,Male,18.5,20,0.925,Senior,Chronic respiratory disease
2016,Female,2.11111111111111,18,0.117283950617284,Senior,Chronic respiratory disease
2016,Male,15.8888888888889,18,0.882716049382716,Senior,Chronic respiratory disease
2017,Female,4,14,0.285714285714286,Senior,Chronic respiratory disease
2017,Male,10,14,0.714285714285714,Senior,Chronic respiratory disease
2018,Female,5,29,0.172413793103448,Senior,Chronic respiratory disease
2018,Male,24,29,0.827586206896552,Senior,Chronic respiratory disease
2019,Female,7.5,24,0.3125,Senior,Chronic respiratory disease
2019,Male,16.5,24,0.6875,Senior,Chronic respiratory disease
2020,Female,4.5,11,0.409090909090909,Senior,Chronic respiratory disease
2020,Male,6.5,11,0.590909090909091,Senior,Chronic respiratory disease
2021,Female,4.33333333333333,23,0.188405797101449,Senior,Chronic respiratory disease
2021,Male,18.6666666666667,23,0.811594202898551,Senior,Chronic respiratory disease
2007,Female,6.51618451195484,15,0.434412300796989,All,Diabetes and CKD
2007,Male,8.48381548804516,15,0.565587699203011,All,Diabetes and CKD
2008,Female,1.58141469070734,7,0.225916384386763,All,Diabetes and CKD
2008,Male,5.41858530929266,7,0.774083615613237,All,Diabetes and CKD
2009,Female,1.45535714285714,6,0.242559523809524,All,Diabetes and CKD
2009,Male,4.54464285714286,6,0.757440476190476,All,Diabetes and CKD
2010,Female,3.04182013638535,9,0.337980015153928,All,Diabetes and CKD
2010,Male,5.95817986361465,9,0.662019984846072,All,Diabetes and CKD
2011,Female,3.65487573586935,10,0.365487573586935,All,Diabetes and CKD
2011,Male,6.34512426413065,10,0.634512426413065,All,Diabetes and CKD
2012,Female,3.47099446406016,12,0.28924953867168,All,Diabetes and CKD
2012,Male,8.52900553593984,12,0.71075046132832,All,Diabetes and CKD
2013,Female,4.215573044005,13,0.324274849538846,All,Diabetes and CKD
2013,Male,8.784426955995,13,0.675725150461154,All,Diabetes and CKD
2014,Female,3.0190943292672,10,0.30190943292672,All,Diabetes and CKD
2014,Male,6.9809056707328,10,0.69809056707328,All,Diabetes and CKD
2015,Female,4.6632645407331,11,0.423933140066645,All,Diabetes and CKD
2015,Male,6.3367354592669,11,0.576066859933355,All,Diabetes and CKD
2016,Female,3.38112723564851,11,0.307375203240774,All,Diabetes and CKD
2016,Male,7.61887276435149,11,0.692624796759226,All,Diabetes and CKD
2017,Female,3.84878911534283,12,0.320732426278569,All,Diabetes and CKD
2017,Male,8.15121088465717,12,0.679267573721431,All,Diabetes and CKD
2018,Female,12.2274799929572,35,0.349356571227349,All,Diabetes and CKD
2018,Male,22.7725200070428,35,0.650643428772651,All,Diabetes and CKD
2019,Female,10.6387542065951,28,0.379955507378396,All,Diabetes and CKD
2019,Male,17.3612457934049,28,0.620044492621604,All,Diabetes and CKD
2020,Female,6.30193645105227,18,0.350107580614015,All,Diabetes and CKD
2020,Male,11.6980635489477,18,0.649892419385985,All,Diabetes and CKD
2021,Female,6.16597165847228,16,0.385373228654517,All,Diabetes and CKD
2021,Male,9.83402834152772,16,0.614626771345483,All,Diabetes and CKD
2007,Female,3.75,14,0.267857142857143,First,Diabetes and CKD
2007,Male,10.25,14,0.732142857142857,First,Diabetes and CKD
2008,Female,0.75,7,0.107142857142857,First,Diabetes and CKD
2008,Male,6.25,7,0.892857142857143,First,Diabetes and CKD
2009,Female,0.75,6,0.125,First,Diabetes and CKD
2009,Male,5.25,6,0.875,First,Diabetes and CKD
2010,Female,4.48333333333333,9,0.498148148148148,First,Diabetes and CKD
2010,Male,4.51666666666667,9,0.501851851851852,First,Diabetes and CKD
2011,Female,3.14285714285714,10,0.314285714285714,First,Diabetes and CKD
2011,Male,6.85714285714286,10,0.685714285714286,First,Diabetes and CKD
2012,Female,3.30555555555556,12,0.275462962962963,First,Diabetes and CKD
2012,Male,8.69444444444445,12,0.724537037037037,First,Diabetes and CKD
2013,Female,6.33333333333333,13,0.487179487179487,First,Diabetes and CKD
2013,Male,6.66666666666667,13,0.512820512820513,First,Diabetes and CKD
2014,Female,4.26666666666667,10,0.426666666666667,First,Diabetes and CKD
2014,Male,5.73333333333333,10,0.573333333333333,First,Diabetes and CKD
2015,Female,4.33333333333333,11,0.393939393939394,First,Diabetes and CKD
2015,Male,6.66666666666667,11,0.606060606060606,First,Diabetes and CKD
2016,Female,3.41666666666667,11,0.310606060606061,First,Diabetes and CKD
2016,Male,7.58333333333333,11,0.689393939393939,First,Diabetes and CKD
2017,Female,4.33333333333333,12,0.361111111111111,First,Diabetes and CKD
2017,Male,7.66666666666667,12,0.638888888888889,First,Diabetes and CKD
2018,Female,18.5,35,0.528571428571429,First,Diabetes and CKD
2018,Male,16.5,35,0.471428571428571,First,Diabetes and CKD
2019,Female,13.4821428571429,28,0.481505102040816,First,Diabetes and CKD
2019,Male,14.5178571428571,28,0.518494897959184,First,Diabetes and CKD
2020,Female,6.75,18,0.375,First,Diabetes and CKD
2020,Male,11.25,18,0.625,First,Diabetes and CKD
2021,Female,7,16,0.4375,First,Diabetes and CKD
2021,Male,9,16,0.5625,First,Diabetes and CKD
2007,Female,2.5,15,0.166666666666667,Senior,Diabetes and CKD
2007,Male,12.5,15,0.833333333333333,Senior,Diabetes and CKD
2008,Male,7,7,1,Senior,Diabetes and CKD
2009,Female,0.5,6,0.0833333333333333,Senior,Diabetes and CKD
2009,Male,5.5,6,0.916666666666667,Senior,Diabetes and CKD
2010,Female,1.79166666666667,9,0.199074074074074,Senior,Diabetes and CKD
2010,Male,7.20833333333333,9,0.800925925925926,Senior,Diabetes and CKD
2011,Female,0.625,10,0.0625,Senior,Diabetes and CKD
2011,Male,9.375,10,0.9375,Senior,Diabetes and CKD
2012,Female,2.2,12,0.183333333333333,Senior,Diabetes and CKD
2012,Male,9.8,12,0.816666666666667,Senior,Diabetes and CKD
2013,Female,2,13,0.153846153846154,Senior,Diabetes and CKD
2013,Male,11,13,0.846153846153846,Senior,Diabetes and CKD
2014,Female,2.33333333333333,10,0.233333333333333,Senior,Diabetes and CKD
2014,Male,7.66666666666667,10,0.766666666666667,Senior,Diabetes and CKD
2015,Female,3.66666666666667,11,0.333333333333333,Senior,Diabetes and CKD
2015,Male,7.33333333333333,11,0.666666666666667,Senior,Diabetes and CKD
2016,Female,1,11,0.0909090909090909,Senior,Diabetes and CKD
2016,Male,10,11,0.909090909090909,Senior,Diabetes and CKD
2017,Female,3.33333333333333,11,0.303030303030303,Senior,Diabetes and CKD
2017,Male,7.66666666666667,11,0.696969696969697,Senior,Diabetes and CKD
2018,Female,8.33333333333333,35,0.238095238095238,Senior,Diabetes and CKD
2018,Male,26.6666666666667,35,0.761904761904762,Senior,Diabetes and CKD
2019,Female,11.4,28,0.407142857142857,Senior,Diabetes and CKD
2019,Male,16.6,28,0.592857142857143,Senior,Diabetes and CKD
2020,Female,7.23333333333333,18,0.401851851851852,Senior,Diabetes and CKD
2020,Male,10.7666666666667,18,0.598148148148148,Senior,Diabetes and CKD
2021,Female,3.16666666666667,16,0.197916666666667,Senior,Diabetes and CKD
2021,Male,12.8333333333333,16,0.802083333333333,Senior,Diabetes and CKD
2006,Female,0.347826086956522,1,0.347826086956522,All,Digestive diseases
2006,Male,0.652173913043478,1,0.652173913043478,All,Digestive diseases
2007,Female,8.90594020872928,24,0.371080842030387,All,Digestive diseases
2007,Male,15.0940597912707,24,0.628919157969614,All,Digestive diseases
2008,Female,4.02972359770046,15,0.268648239846697,All,Digestive diseases
2008,Male,10.9702764022995,15,0.731351760153303,All,Digestive diseases
2009,Female,4.94949527514405,22,0.224977057961093,All,Digestive diseases
2009,Male,17.050504724856,22,0.775022942038907,All,Digestive diseases
2010,Female,8.8329087368624,29,0.304583059891807,All,Digestive diseases
2010,Male,20.1670912631376,29,0.695416940108193,All,Digestive diseases
2011,Female,7.30089379533016,30,0.243363126511005,All,Digestive diseases
2011,Male,22.6991062046698,30,0.756636873488995,All,Digestive diseases
2012,Female,12.91302296293,46,0.280717890498479,All,Digestive diseases
2012,Male,33.08697703707,46,0.719282109501521,All,Digestive diseases
2013,Female,11.0160062630881,36,0.30600017397467,All,Digestive diseases
2013,Male,24.9839937369119,36,0.69399982602533,All,Digestive diseases
2014,Female,13.7001235482629,39,0.351285219186227,All,Digestive diseases
2014,Male,25.2998764517371,39,0.648714780813773,All,Digestive diseases
2015,Female,11.2021396983958,34,0.329474697011642,All,Digestive diseases
2015,Male,22.7978603016042,34,0.670525302988358,All,Digestive diseases
2016,Female,13.32195841438,41,0.324925814984878,All,Digestive diseases
2016,Male,27.67804158562,41,0.675074185015122,All,Digestive diseases
2017,Female,12.4186402414971,45,0.275969783144381,All,Digestive diseases
2017,Male,32.5813597585029,45,0.724030216855619,All,Digestive diseases
2018,Female,23.7112621848342,72,0.329323085900475,All,Digestive diseases
2018,Male,48.2887378151658,72,0.670676914099525,All,Digestive diseases
2019,Female,18.8711663447554,54,0.349466043421396,All,Digestive diseases
2019,Male,35.1288336552446,54,0.650533956578604,All,Digestive diseases
2020,Female,5.50226457110817,21,0.262012598624199,All,Digestive diseases
2020,Male,15.4977354288918,21,0.737987401375801,All,Digestive diseases
2021,Female,16.1461215462803,48,0.336377532214172,All,Digestive diseases
2021,Male,31.8538784537197,48,0.663622467785828,All,Digestive diseases
2006,Male,1,1,1,First,Digestive diseases
2007,Female,6.33333333333333,23,0.27536231884058,First,Digestive diseases
2007,Male,16.6666666666667,23,0.72463768115942,First,Digestive diseases
2008,Female,2.25,15,0.15,First,Digestive diseases
2008,Male,12.75,15,0.85,First,Digestive diseases
2009,Female,6.95238095238095,22,0.316017316017316,First,Digestive diseases
2009,Male,15.047619047619,22,0.683982683982684,First,Digestive diseases
2010,Female,6.95,29,0.239655172413793,First,Digestive diseases
2010,Male,22.05,29,0.760344827586207,First,Digestive diseases
2011,Female,7.60952380952381,30,0.253650793650794,First,Digestive diseases
2011,Male,22.3904761904762,30,0.746349206349206,First,Digestive diseases
2012,Female,11.9388888888889,46,0.259541062801932,First,Digestive diseases
2012,Male,34.0611111111111,46,0.740458937198068,First,Digestive diseases
2013,Female,10.3333333333333,36,0.287037037037037,First,Digestive diseases
2013,Male,25.6666666666667,36,0.712962962962963,First,Digestive diseases
2014,Female,18.5833333333333,39,0.476495726495727,First,Digestive diseases
2014,Male,20.4166666666667,39,0.523504273504274,First,Digestive diseases
2015,Female,13.8333333333333,34,0.406862745098039,First,Digestive diseases
2015,Male,20.1666666666667,34,0.593137254901961,First,Digestive diseases
2016,Female,16.9166666666667,41,0.41260162601626,First,Digestive diseases
2016,Male,24.0833333333333,41,0.58739837398374,First,Digestive diseases
2017,Female,15.5,45,0.344444444444444,First,Digestive diseases
2017,Male,29.5,45,0.655555555555556,First,Digestive diseases
2018,Female,35.1666666666667,72,0.488425925925926,First,Digestive diseases
2018,Male,36.8333333333333,72,0.511574074074074,First,Digestive diseases
2019,Female,22.4761904761905,54,0.416225749559083,First,Digestive diseases
2019,Male,31.5238095238095,54,0.583774250440917,First,Digestive diseases
2020,Female,7,21,0.333333333333333,First,Digestive diseases
2020,Male,14,21,0.666666666666667,First,Digestive diseases
2021,Female,18,48,0.375,First,Digestive diseases
2021,Male,30,48,0.625,First,Digestive diseases
2006,Female,1,1,1,Senior,Digestive diseases
2007,Female,2.83333333333333,24,0.118055555555556,Senior,Digestive diseases
2007,Male,21.1666666666667,24,0.881944444444445,Senior,Digestive diseases
2008,Female,0.333333333333333,15,0.0222222222222222,Senior,Digestive diseases
2008,Male,14.6666666666667,15,0.977777777777778,Senior,Digestive diseases
2009,Female,1.83333333333333,22,0.0833333333333333,Senior,Digestive diseases
2009,Male,20.1666666666667,22,0.916666666666667,Senior,Digestive diseases
2010,Female,2.29166666666667,29,0.0790229885057471,Senior,Digestive diseases
2010,Male,26.7083333333333,29,0.920977011494253,Senior,Digestive diseases
2011,Female,3.54166666666667,30,0.118055555555556,Senior,Digestive diseases
2011,Male,26.4583333333333,30,0.881944444444445,Senior,Digestive diseases
2012,Female,10.0555555555556,46,0.218599033816425,Senior,Digestive diseases
2012,Male,35.9444444444444,46,0.781400966183575,Senior,Digestive diseases
2013,Female,10,36,0.277777777777778,Senior,Digestive diseases
2013,Male,26,36,0.722222222222222,Senior,Digestive diseases
2014,Female,6.43333333333333,38,0.169298245614035,Senior,Digestive diseases
2014,Male,31.5666666666667,38,0.830701754385965,Senior,Digestive diseases
2015,Female,7.78333333333333,34,0.228921568627451,Senior,Digestive diseases
2015,Male,26.2166666666667,34,0.771078431372549,Senior,Digestive diseases
2016,Female,10.6111111111111,41,0.258807588075881,Senior,Digestive diseases
2016,Male,30.3888888888889,41,0.741192411924119,Senior,Digestive diseases
2017,Female,8.66666666666667,44,0.196969696969697,Senior,Digestive diseases
2017,Male,35.3333333333333,44,0.803030303030303,Senior,Digestive diseases
2018,Female,15.9333333333333,70,0.227619047619048,Senior,Digestive diseases
2018,Male,54.0666666666667,70,0.772380952380952,Senior,Digestive diseases
2019,Female,12.5888888888889,53,0.237526205450734,Senior,Digestive diseases
2019,Male,40.4111111111111,53,0.762473794549266,Senior,Digestive diseases
2020,Female,6.23333333333333,21,0.296825396825397,Senior,Digestive diseases
2020,Male,14.7666666666667,21,0.703174603174603,Senior,Digestive diseases
2021,Female,14.1666666666667,48,0.295138888888889,Senior,Digestive diseases
2021,Male,33.8333333333333,48,0.704861111111111,Senior,Digestive diseases
2006,Female,0.409090909090909,1,0.409090909090909,All,Mental disorders
2006,Male,0.590909090909091,1,0.590909090909091,All,Mental disorders
2007,Female,2.84303837955398,7,0.406148339936284,All,Mental disorders
2007,Male,4.15696162044602,7,0.593851660063717,All,Mental disorders
2008,Female,4.85028125547263,18,0.269460069748479,All,Mental disorders
2008,Male,13.1497187445274,18,0.730539930251521,All,Mental disorders
2009,Female,5.20716023934575,16,0.325447514959109,All,Mental disorders
2009,Male,10.7928397606543,16,0.674552485040891,All,Mental disorders
2010,Female,8.32489865827194,28,0.297317809223998,All,Mental disorders
2010,Male,19.6751013417281,28,0.702682190776002,All,Mental disorders
2011,Female,11.5887136985821,36,0.321908713849503,All,Mental disorders
2011,Male,24.4112863014179,36,0.678091286150497,All,Mental disorders
2012,Female,8.866646909262,24,0.36944362121925,All,Mental disorders
2012,Male,15.133353090738,24,0.63055637878075,All,Mental disorders
2013,Female,10.72296527556,35,0.306370436444571,All,Mental disorders
2013,Male,24.27703472444,35,0.693629563555429,All,Mental disorders
2014,Female,7.43740514486703,22,0.338063870221229,All,Mental disorders
2014,Male,14.562594855133,22,0.661936129778771,All,Mental disorders
2015,Female,8.4682214566132,22,0.384919157118782,All,Mental disorders
2015,Male,13.5317785433868,22,0.615080842881218,All,Mental disorders
2016,Female,5.96566143100767,17,0.35092126064751,All,Mental disorders
2016,Male,11.0343385689923,17,0.64907873935249,All,Mental disorders
2017,Female,7.17008051185913,22,0.325912750539052,All,Mental disorders
2017,Male,14.8299194881409,22,0.674087249460949,All,Mental disorders
2018,Female,18.0102380234382,49,0.367555878029351,All,Mental disorders
2018,Male,30.9897619765618,49,0.632444121970649,All,Mental disorders
2019,Female,16.6439657285725,47,0.35412693039516,All,Mental disorders
2019,Male,30.3560342714275,47,0.64587306960484,All,Mental disorders
2020,Female,13.50367092377,37,0.36496407902081,All,Mental disorders
2020,Male,23.49632907623,37,0.63503592097919,All,Mental disorders
2021,Female,15.6230434868161,45,0.347178744151468,All,Mental disorders
2021,Male,29.376956513184,45,0.652821255848532,All,Mental disorders
2006,Female,1,1,1,First,Mental disorders
2007,Female,2.16666666666667,7,0.30952380952381,First,Mental disorders
2007,Male,4.83333333333333,7,0.690476190476191,First,Mental disorders
2008,Female,2.58333333333333,18,0.143518518518519,First,Mental disorders
2008,Male,15.4166666666667,18,0.856481481481481,First,Mental disorders
2009,Female,6.33333333333333,16,0.395833333333333,First,Mental disorders
2009,Male,9.66666666666667,16,0.604166666666667,First,Mental disorders
2010,Female,6,28,0.214285714285714,First,Mental disorders
2010,Male,22,28,0.785714285714286,First,Mental disorders
2011,Female,12.9166666666667,36,0.358796296296296,First,Mental disorders
2011,Male,23.0833333333333,36,0.641203703703704,First,Mental disorders
2012,Female,6.5,24,0.270833333333333,First,Mental disorders
2012,Male,17.5,24,0.729166666666667,First,Mental disorders
2013,Female,14,35,0.4,First,Mental disorders
2013,Male,21,35,0.6,First,Mental disorders
2014,Female,8,21,0.380952380952381,First,Mental disorders
2014,Male,13,21,0.619047619047619,First,Mental disorders
2015,Female,7,21,0.333333333333333,First,Mental disorders
2015,Male,14,21,0.666666666666667,First,Mental disorders
2016,Female,4.2,17,0.247058823529412,First,Mental disorders
2016,Male,12.8,17,0.752941176470588,First,Mental disorders
2017,Female,7.5,21,0.357142857142857,First,Mental disorders
2017,Male,13.5,21,0.642857142857143,First,Mental disorders
2018,Female,17.4166666666667,47,0.370567375886525,First,Mental disorders
2018,Male,29.5833333333333,47,0.629432624113475,First,Mental disorders
2019,Female,20.2666666666667,46,0.440579710144928,First,Mental disorders
2019,Male,25.7333333333333,46,0.559420289855073,First,Mental disorders
2020,Female,15.1666666666667,36,0.421296296296296,First,Mental disorders
2020,Male,20.8333333333333,36,0.578703703703704,First,Mental disorders
2021,Female,19.0833333333333,45,0.424074074074074,First,Mental disorders
2021,Male,25.9166666666667,45,0.575925925925926,First,Mental disorders
2006,Male,1,1,1,Senior,Mental disorders
2007,Male,7,7,1,Senior,Mental disorders
2008,Female,0.333333333333333,18,0.0185185185185185,Senior,Mental disorders
2008,Male,17.6666666666667,18,0.981481481481481,Senior,Mental disorders
2009,Female,2.25,16,0.140625,Senior,Mental disorders
2009,Male,13.75,16,0.859375,Senior,Mental disorders
2010,Female,6.83333333333333,28,0.244047619047619,Senior,Mental disorders
2010,Male,21.1666666666667,28,0.755952380952381,Senior,Mental disorders
2011,Female,11.8333333333333,36,0.328703703703704,Senior,Mental disorders
2011,Male,24.1666666666667,36,0.671296296296296,Senior,Mental disorders
2012,Female,6,24,0.25,Senior,Mental disorders
2012,Male,18,24,0.75,Senior,Mental disorders
2013,Female,7.5,35,0.214285714285714,Senior,Mental disorders
2013,Male,27.5,35,0.785714285714286,Senior,Mental disorders
2014,Female,8.66666666666667,21,0.412698412698413,Senior,Mental disorders
2014,Male,12.3333333333333,21,0.587301587301587,Senior,Mental disorders
2015,Female,7.5,21,0.357142857142857,Senior,Mental disorders
2015,Male,13.5,21,0.642857142857143,Senior,Mental disorders
2016,Female,5,17,0.294117647058824,Senior,Mental disorders
2016,Male,12,17,0.705882352941177,Senior,Mental disorders
2017,Female,8.20833333333333,22,0.373106060606061,Senior,Mental disorders
2017,Male,13.7916666666667,22,0.626893939393939,Senior,Mental disorders
2018,Female,16.8666666666667,49,0.34421768707483,Senior,Mental disorders
2018,Male,32.1333333333333,49,0.65578231292517,Senior,Mental disorders
2019,Female,9.84848484848485,47,0.209542230818827,Senior,Mental disorders
2019,Male,37.1515151515152,47,0.790457769181173,Senior,Mental disorders
2020,Female,7.45,37,0.201351351351351,Senior,Mental disorders
2020,Male,29.55,37,0.798648648648649,Senior,Mental disorders
2021,Female,13.152380952381,45,0.292275132275132,Senior,Mental disorders
2021,Male,31.8476190476191,45,0.707724867724868,Senior,Mental disorders
2007,Female,0.992214295513788,3,0.330738098504596,All,Musculoskeletal disorders
2007,Male,2.00778570448621,3,0.669261901495404,All,Musculoskeletal disorders
2008,Female,1.08416389811739,3,0.361387966039129,All,Musculoskeletal disorders
2008,Male,1.91583610188261,3,0.638612033960871,All,Musculoskeletal disorders
2009,Female,0.411764705882353,1,0.411764705882353,All,Musculoskeletal disorders
2009,Male,0.588235294117647,1,0.588235294117647,All,Musculoskeletal disorders
2010,Female,2.40854211438214,8,0.301067764297768,All,Musculoskeletal disorders
2010,Male,5.59145788561786,8,0.698932235702232,All,Musculoskeletal disorders
2011,Female,2.01014901414621,7,0.28716414487803,All,Musculoskeletal disorders
2011,Male,4.98985098585379,7,0.71283585512197,All,Musculoskeletal disorders
2012,Female,2.14935820039131,7,0.307051171484473,All,Musculoskeletal disorders
2012,Male,4.85064179960869,7,0.692948828515527,All,Musculoskeletal disorders
2013,Female,2.58260113265834,7,0.368943018951192,All,Musculoskeletal disorders
2013,Male,4.41739886734166,7,0.631056981048809,All,Musculoskeletal disorders
2014,Female,2.41090629800307,6,0.401817716333845,All,Musculoskeletal disorders
2014,Male,3.58909370199693,6,0.598182283666155,All,Musculoskeletal disorders
2015,Female,1.44538794538795,4,0.361346986346986,All,Musculoskeletal disorders
2015,Male,2.55461205461205,4,0.638653013653014,All,Musculoskeletal disorders
2016,Female,2.31111111111111,6,0.385185185185185,All,Musculoskeletal disorders
2016,Male,3.68888888888889,6,0.614814814814815,All,Musculoskeletal disorders
2017,Female,4.15793650793651,9,0.461992945326279,All,Musculoskeletal disorders
2017,Male,4.84206349206349,9,0.538007054673721,All,Musculoskeletal disorders
2018,Female,3.81028716366048,10,0.381028716366048,All,Musculoskeletal disorders
2018,Male,6.18971283633952,10,0.618971283633952,All,Musculoskeletal disorders
2019,Female,2.60010351966874,6,0.433350586611456,All,Musculoskeletal disorders
2019,Male,3.39989648033126,6,0.566649413388544,All,Musculoskeletal disorders
2020,Female,0.655913978494624,2,0.327956989247312,All,Musculoskeletal disorders
2020,Male,1.34408602150538,2,0.672043010752688,All,Musculoskeletal disorders
2021,Female,2.838308563257,9,0.315367618139667,All,Musculoskeletal disorders
2021,Male,6.161691436743,9,0.684632381860333,All,Musculoskeletal disorders
2007,Male,3,3,1,First,Musculoskeletal disorders
2008,Female,2,3,0.666666666666667,First,Musculoskeletal disorders
2008,Male,1,3,0.333333333333333,First,Musculoskeletal disorders
2009,Male,1,1,1,First,Musculoskeletal disorders
2010,Female,2.33333333333333,8,0.291666666666667,First,Musculoskeletal disorders
2010,Male,5.66666666666667,8,0.708333333333333,First,Musculoskeletal disorders
2011,Female,1.5,7,0.214285714285714,First,Musculoskeletal disorders
2011,Male,5.5,7,0.785714285714286,First,Musculoskeletal disorders
2012,Female,3.5,6,0.583333333333333,First,Musculoskeletal disorders
2012,Male,2.5,6,0.416666666666667,First,Musculoskeletal disorders
2013,Female,3.58333333333333,7,0.511904761904762,First,Musculoskeletal disorders
2013,Male,3.41666666666667,7,0.488095238095238,First,Musculoskeletal disorders
2014,Female,3,5,0.6,First,Musculoskeletal disorders
2014,Male,2,5,0.4,First,Musculoskeletal disorders
2015,Female,0.5,4,0.125,First,Musculoskeletal disorders
2015,Male,3.5,4,0.875,First,Musculoskeletal disorders
2016,Female,3,6,0.5,First,Musculoskeletal disorders
2016,Male,3,6,0.5,First,Musculoskeletal disorders
2017,Female,5,9,0.555555555555556,First,Musculoskeletal disorders
2017,Male,4,9,0.444444444444444,First,Musculoskeletal disorders
2018,Female,6.66666666666667,10,0.666666666666667,First,Musculoskeletal disorders
2018,Male,3.33333333333333,10,0.333333333333333,First,Musculoskeletal disorders
2019,Female,2.66666666666667,6,0.444444444444444,First,Musculoskeletal disorders
2019,Male,3.33333333333333,6,0.555555555555556,First,Musculoskeletal disorders
2020,Female,1,2,0.5,First,Musculoskeletal disorders
2020,Male,1,2,0.5,First,Musculoskeletal disorders
2021,Female,6.16666666666667,9,0.685185185185185,First,Musculoskeletal disorders
2021,Male,2.83333333333333,9,0.314814814814815,First,Musculoskeletal disorders
2007,Male,3,3,1,Senior,Musculoskeletal disorders
2008,Female,1,3,0.333333333333333,Senior,Musculoskeletal disorders
2008,Male,2,3,0.666666666666667,Senior,Musculoskeletal disorders
2009,Female,1,1,1,Senior,Musculoskeletal disorders
2010,Female,1.9,8,0.2375,Senior,Musculoskeletal disorders
2010,Male,6.1,8,0.7625,Senior,Musculoskeletal disorders
2011,Female,2,7,0.285714285714286,Senior,Musculoskeletal disorders
2011,Male,5,7,0.714285714285714,Senior,Musculoskeletal disorders
2012,Female,2.31666666666667,7,0.330952380952381,Senior,Musculoskeletal disorders
2012,Male,4.68333333333333,7,0.669047619047619,Senior,Musculoskeletal disorders
2013,Female,1.5,6,0.25,Senior,Musculoskeletal disorders
2013,Male,4.5,6,0.75,Senior,Musculoskeletal disorders
2014,Male,5,5,1,Senior,Musculoskeletal disorders
2015,Male,4,4,1,Senior,Musculoskeletal disorders
2016,Female,4,6,0.666666666666667,Senior,Musculoskeletal disorders
2016,Male,2,6,0.333333333333333,Senior,Musculoskeletal disorders
2017,Female,7.33333333333333,9,0.814814814814815,Senior,Musculoskeletal disorders
2017,Male,1.66666666666667,9,0.185185185185185,Senior,Musculoskeletal disorders
2018,Female,3,10,0.3,Senior,Musculoskeletal disorders
2018,Male,7,10,0.7,Senior,Musculoskeletal disorders
2019,Female,2,6,0.333333333333333,Senior,Musculoskeletal disorders
2019,Male,4,6,0.666666666666667,Senior,Musculoskeletal disorders
2020,Male,2,2,1,Senior,Musculoskeletal disorders
2021,Female,3.5,9,0.388888888888889,Senior,Musculoskeletal disorders
2021,Male,5.5,9,0.611111111111111,Senior,Musculoskeletal disorders
2005,Female,0.3,1,0.3,All,Neurological disorders
2005,Male,0.7,1,0.7,All,Neurological disorders
2006,Female,0.45,1,0.45,All,Neurological disorders
2006,Male,0.55,1,0.55,All,Neurological disorders
2007,Female,1.83312781634393,4,0.458281954085982,All,Neurological disorders
2007,Male,2.16687218365607,4,0.541718045914018,All,Neurological disorders
2008,Female,2.74089726698422,6,0.456816211164037,All,Neurological disorders
2008,Male,3.25910273301578,6,0.543183788835963,All,Neurological disorders
2009,Female,4.26755537057368,11,0.387959579143062,All,Neurological disorders
2009,Male,6.73244462942632,11,0.612040420856938,All,Neurological disorders
2010,Female,6.1092760543444,18,0.339404225241356,All,Neurological disorders
2010,Male,11.8907239456556,18,0.660595774758644,All,Neurological disorders
2011,Female,5.76427866861302,16,0.360267416788313,All,Neurological disorders
2011,Male,10.235721331387,16,0.639732583211687,All,Neurological disorders
2012,Female,5.90741798552719,15,0.393827865701812,All,Neurological disorders
2012,Male,9.09258201447281,15,0.606172134298188,All,Neurological disorders
2013,Female,6.49506926634949,18,0.36083718146386,All,Neurological disorders
2013,Male,11.5049307336505,18,0.63916281853614,All,Neurological disorders
2014,Female,3.68096094580831,10,0.368096094580831,All,Neurological disorders
2014,Male,6.31903905419169,10,0.631903905419169,All,Neurological disorders
2015,Female,4.16854329245634,12,0.347378607704695,All,Neurological disorders
2015,Male,7.83145670754366,12,0.652621392295305,All,Neurological disorders
2016,Female,4.81126269662434,12,0.400938558052028,All,Neurological disorders
2016,Male,7.18873730337566,12,0.599061441947972,All,Neurological disorders
2017,Female,4.38689027397333,13,0.337453097997949,All,Neurological disorders
2017,Male,8.61310972602667,13,0.662546902002051,All,Neurological disorders
2018,Female,4.5672025960909,13,0.351323276622377,All,Neurological disorders
2018,Male,8.4327974039091,13,0.648676723377623,All,Neurological disorders
2019,Female,5.29307947918447,17,0.311357616422616,All,Neurological disorders
2019,Male,11.7069205208155,17,0.688642383577384,All,Neurological disorders
2020,Female,1.93198924731183,6,0.321998207885305,All,Neurological disorders
2020,Male,4.06801075268817,6,0.678001792114695,All,Neurological disorders
2021,Female,9.48994391285094,30,0.316331463761698,All,Neurological disorders
2021,Male,20.5100560871491,30,0.683668536238302,All,Neurological disorders
2005,Male,1,1,1,First,Neurological disorders
2006,Male,1,1,1,First,Neurological disorders
2007,Female,1.66666666666667,4,0.416666666666667,First,Neurological disorders
2007,Male,2.33333333333333,4,0.583333333333333,First,Neurological disorders
2008,Female,1.66666666666667,6,0.277777777777778,First,Neurological disorders
2008,Male,4.33333333333333,6,0.722222222222222,First,Neurological disorders
2009,Female,3.33333333333333,11,0.303030303030303,First,Neurological disorders
2009,Male,7.66666666666667,11,0.696969696969697,First,Neurological disorders
2010,Female,7.08333333333333,18,0.393518518518519,First,Neurological disorders
2010,Male,10.9166666666667,18,0.606481481481481,First,Neurological disorders
2011,Female,6.16666666666667,16,0.385416666666667,First,Neurological disorders
2011,Male,9.83333333333333,16,0.614583333333333,First,Neurological disorders
2012,Female,5.16666666666667,15,0.344444444444444,First,Neurological disorders
2012,Male,9.83333333333333,15,0.655555555555556,First,Neurological disorders
2013,Female,7,18,0.388888888888889,First,Neurological disorders
2013,Male,11,18,0.611111111111111,First,Neurological disorders
2014,Female,3.16666666666667,9,0.351851851851852,First,Neurological disorders
2014,Male,5.83333333333333,9,0.648148148148148,First,Neurological disorders
2015,Female,4,11,0.363636363636364,First,Neurological disorders
2015,Male,7,11,0.636363636363636,First,Neurological disorders
2016,Female,5,12,0.416666666666667,First,Neurological disorders
2016,Male,7,12,0.583333333333333,First,Neurological disorders
2017,Female,5.5,12,0.458333333333333,First,Neurological disorders
2017,Male,6.5,12,0.541666666666667,First,Neurological disorders
2018,Female,4.83333333333333,13,0.371794871794872,First,Neurological disorders
2018,Male,8.16666666666667,13,0.628205128205128,First,Neurological disorders
2019,Female,6.33333333333333,17,0.372549019607843,First,Neurological disorders
2019,Male,10.6666666666667,17,0.627450980392157,First,Neurological disorders
2020,Female,2.66666666666667,6,0.444444444444444,First,Neurological disorders
2020,Male,3.33333333333333,6,0.555555555555556,First,Neurological disorders
2021,Female,9.16666666666667,28,0.327380952380952,First,Neurological disorders
2021,Male,18.8333333333333,28,0.672619047619048,First,Neurological disorders
2005,Male,1,1,1,Senior,Neurological disorders
2006,Male,1,1,1,Senior,Neurological disorders
2007,Male,4,4,1,Senior,Neurological disorders
2008,Male,6,6,1,Senior,Neurological disorders
2009,Female,2,11,0.181818181818182,Senior,Neurological disorders
2009,Male,9,11,0.818181818181818,Senior,Neurological disorders
2010,Female,5.83333333333333,18,0.324074074074074,Senior,Neurological disorders
2010,Male,12.1666666666667,18,0.675925925925926,Senior,Neurological disorders
2011,Female,4,16,0.25,Senior,Neurological disorders
2011,Male,12,16,0.75,Senior,Neurological disorders
2012,Female,4,14,0.285714285714286,Senior,Neurological disorders
2012,Male,10,14,0.714285714285714,Senior,Neurological disorders
2013,Female,5.83333333333333,18,0.324074074074074,Senior,Neurological disorders
2013,Male,12.1666666666667,18,0.675925925925926,Senior,Neurological disorders
2014,Female,4.33333333333333,10,0.433333333333333,Senior,Neurological disorders
2014,Male,5.66666666666667,10,0.566666666666667,Senior,Neurological disorders
2015,Female,1.5,11,0.136363636363636,Senior,Neurological disorders
2015,Male,9.5,11,0.863636363636364,Senior,Neurological disorders
2016,Female,3,12,0.25,Senior,Neurological disorders
2016,Male,9,12,0.75,Senior,Neurological disorders
2017,Female,3.875,12,0.322916666666667,Senior,Neurological disorders
2017,Male,8.125,12,0.677083333333333,Senior,Neurological disorders
2018,Female,4.33333333333333,13,0.333333333333333,Senior,Neurological disorders
2018,Male,8.66666666666667,13,0.666666666666667,Senior,Neurological disorders
2019,Female,1.83333333333333,17,0.107843137254902,Senior,Neurological disorders
2019,Male,15.1666666666667,17,0.892156862745098,Senior,Neurological disorders
2020,Male,6,6,1,Senior,Neurological disorders
2021,Female,7.28571428571429,30,0.242857142857143,Senior,Neurological disorders
2021,Male,22.7142857142857,30,0.757142857142857,Senior,Neurological disorders
2007,Female,0.28,1,0.28,All,Skin disease
2007,Male,0.72,1,0.72,All,Skin disease
2008,Female,2.66997703965667,7,0.381425291379525,All,Skin disease
2008,Male,4.33002296034333,7,0.618574708620475,All,Skin disease
2009,Female,3.3310282086089,9,0.370114245400988,All,Skin disease
2009,Male,5.6689717913911,9,0.629885754599012,All,Skin disease
2010,Female,3.39150427767195,11,0.30831857069745,All,Skin disease
2010,Male,7.60849572232806,11,0.69168142930255,All,Skin disease
2011,Female,5.74617364429388,14,0.41044097459242,All,Skin disease
2011,Male,8.25382635570612,14,0.58955902540758,All,Skin disease
2012,Female,3.19304145173514,12,0.266086787644595,All,Skin disease
2012,Male,8.80695854826486,12,0.733913212355405,All,Skin disease
2013,Female,6.07026709654495,16,0.379391693534059,All,Skin disease
2013,Male,9.92973290345505,16,0.620608306465941,All,Skin disease
2014,Female,3.34061858293711,10,0.334061858293711,All,Skin disease
2014,Male,6.65938141706289,10,0.665938141706289,All,Skin disease
2015,Female,6.59030516079796,19,0.346858166357787,All,Skin disease
2015,Male,12.409694839202,19,0.653141833642213,All,Skin disease
2016,Female,5.90844542492672,15,0.393896361661781,All,Skin disease
2016,Male,9.09155457507328,15,0.606103638338219,All,Skin disease
2017,Female,5.90341347625069,18,0.327967415347261,All,Skin disease
2017,Male,12.0965865237493,18,0.672032584652739,All,Skin disease
2018,Female,6.24840296198055,19,0.32886331378845,All,Skin disease
2018,Male,12.7515970380195,19,0.67113668621155,All,Skin disease
2019,Female,2.64225513770366,8,0.330281892212957,All,Skin disease
2019,Male,5.35774486229634,8,0.669718107787043,All,Skin disease
2020,Female,0.3625,2,0.18125,All,Skin disease
2020,Male,1.6375,2,0.81875,All,Skin disease
2021,Female,5.84345571366032,17,0.343732689038842,All,Skin disease
2021,Male,11.1565442863397,17,0.656267310961158,All,Skin disease
2007,Male,1,1,1,First,Skin disease
2008,Female,2,7,0.285714285714286,First,Skin disease
2008,Male,5,7,0.714285714285714,First,Skin disease
2009,Female,2.33333333333333,9,0.259259259259259,First,Skin disease
2009,Male,6.66666666666667,9,0.740740740740741,First,Skin disease
2010,Female,7.75,11,0.704545454545455,First,Skin disease
2010,Male,3.25,11,0.295454545454545,First,Skin disease
2011,Female,6.83333333333333,14,0.488095238095238,First,Skin disease
2011,Male,7.16666666666667,14,0.511904761904762,First,Skin disease
2012,Female,2.40833333333333,12,0.200694444444444,First,Skin disease
2012,Male,9.59166666666667,12,0.799305555555556,First,Skin disease
2013,Female,1.91666666666667,16,0.119791666666667,First,Skin disease
2013,Male,14.0833333333333,16,0.880208333333333,First,Skin disease
2014,Female,3.75,10,0.375,First,Skin disease
2014,Male,6.25,10,0.625,First,Skin disease
2015,Female,6.08333333333333,19,0.320175438596491,First,Skin disease
2015,Male,12.9166666666667,19,0.679824561403509,First,Skin disease
2016,Female,6.36666666666667,15,0.424444444444444,First,Skin disease
2016,Male,8.63333333333333,15,0.575555555555556,First,Skin disease
2017,Female,7.66666666666667,18,0.425925925925926,First,Skin disease
2017,Male,10.3333333333333,18,0.574074074074074,First,Skin disease
2018,Female,7.66666666666667,19,0.403508771929825,First,Skin disease
2018,Male,11.3333333333333,19,0.596491228070176,First,Skin disease
2019,Female,4,8,0.5,First,Skin disease
2019,Male,4,8,0.5,First,Skin disease
2020,Male,2,2,1,First,Skin disease
2021,Female,8.33333333333333,17,0.490196078431373,First,Skin disease
2021,Male,8.66666666666667,17,0.509803921568627,First,Skin disease
2007,Male,1,1,1,Senior,Skin disease
2008,Female,1.5,7,0.214285714285714,Senior,Skin disease
2008,Male,5.5,7,0.785714285714286,Senior,Skin disease
2009,Female,2.75,9,0.305555555555556,Senior,Skin disease
2009,Male,6.25,9,0.694444444444445,Senior,Skin disease
2010,Female,1.25,11,0.113636363636364,Senior,Skin disease
2010,Male,9.75,11,0.886363636363636,Senior,Skin disease
2011,Female,6.58333333333333,14,0.470238095238095,Senior,Skin disease
2011,Male,7.41666666666667,14,0.529761904761905,Senior,Skin disease
2012,Female,3,11,0.272727272727273,Senior,Skin disease
2012,Male,8,11,0.727272727272727,Senior,Skin disease
2013,Female,8.23333333333333,16,0.514583333333333,Senior,Skin disease
2013,Male,7.76666666666667,16,0.485416666666667,Senior,Skin disease
2014,Female,2.41666666666667,10,0.241666666666667,Senior,Skin disease
2014,Male,7.58333333333333,10,0.758333333333333,Senior,Skin disease
2015,Female,4.58333333333333,19,0.241228070175439,Senior,Skin disease
2015,Male,14.4166666666667,19,0.758771929824561,Senior,Skin disease
2016,Female,5.83333333333333,15,0.388888888888889,Senior,Skin disease
2016,Male,9.16666666666667,15,0.611111111111111,Senior,Skin disease
2017,Female,3.66666666666667,18,0.203703703703704,Senior,Skin disease
2017,Male,14.3333333333333,18,0.796296296296296,Senior,Skin disease
2018,Female,2.83333333333333,19,0.149122807017544,Senior,Skin disease
2018,Male,16.1666666666667,19,0.850877192982456,Senior,Skin disease
2019,Male,8,8,1,Senior,Skin disease
2020,Male,2,2,1,Senior,Skin disease
2021,Female,3.5,17,0.205882352941176,Senior,Skin disease
2021,Male,13.5,17,0.794117647058824,Senior,Skin disease
2006,Female,0.409090909090909,1,0.409090909090909,All,Substance use
2006,Male,0.590909090909091,1,0.590909090909091,All,Substance use
2007,Female,0.333333333333333,1,0.333333333333333,All,Substance use
2007,Male,0.666666666666667,1,0.666666666666667,All,Substance use
2008,Female,0.712614870509607,3,0.237538290169869,All,Substance use
2008,Male,2.28738512949039,3,0.762461709830131,All,Substance use
2009,Female,0.103448275862069,1,0.103448275862069,All,Substance use
2009,Male,0.896551724137931,1,0.896551724137931,All,Substance use
2010,Female,1.5992340992341,4,0.399808524808525,All,Substance use
2010,Male,2.4007659007659,4,0.600191475191475,All,Substance use
2011,Female,2.06153846153846,9,0.229059829059829,All,Substance use
2011,Male,6.93846153846154,9,0.770940170940171,All,Substance use
2012,Female,1.34706034706035,5,0.269412069412069,All,Substance use
2012,Male,3.65293965293965,5,0.730587930587931,All,Substance use
2013,Female,0.905967570441255,5,0.181193514088251,All,Substance use
2013,Male,4.09403242955875,5,0.818806485911749,All,Substance use
2015,Female,0.7,2,0.35,All,Substance use
2015,Male,1.3,2,0.65,All,Substance use
2016,Female,0.833333333333333,3,0.277777777777778,All,Substance use
2016,Male,2.16666666666667,3,0.722222222222222,All,Substance use
2017,Female,0.925108225108225,4,0.231277056277056,All,Substance use
2017,Male,3.07489177489178,4,0.768722943722944,All,Substance use
2018,Female,1.81904761904762,6,0.303174603174603,All,Substance use
2018,Male,4.18095238095238,6,0.696825396825397,All,Substance use
2019,Female,0.664285714285714,2,0.332142857142857,All,Substance use
2019,Male,1.33571428571429,2,0.667857142857143,All,Substance use
2020,Female,0.333333333333333,1,0.333333333333333,All,Substance use
2020,Male,0.666666666666667,1,0.666666666666667,All,Substance use
2021,Female,1.9111944027986,5,0.38223888055972,All,Substance use
2021,Male,3.0888055972014,5,0.61776111944028,All,Substance use
2006,Female,1,1,1,First,Substance use
2007,Male,1,1,1,First,Substance use
2008,Female,0.25,3,0.0833333333333333,First,Substance use
2008,Male,2.75,3,0.916666666666667,First,Substance use
2009,Female,0.333333333333333,1,0.333333333333333,First,Substance use
2009,Male,0.666666666666667,1,0.666666666666667,First,Substance use
2010,Female,1.5,4,0.375,First,Substance use
2010,Male,2.5,4,0.625,First,Substance use
2011,Female,0.5,9,0.0555555555555556,First,Substance use
2011,Male,8.5,9,0.944444444444444,First,Substance use
2012,Female,1,5,0.2,First,Substance use
2012,Male,4,5,0.8,First,Substance use
2013,Female,1,5,0.2,First,Substance use
2013,Male,4,5,0.8,First,Substance use
2015,Male,2,2,1,First,Substance use
2016,Female,0.5,3,0.166666666666667,First,Substance use
2016,Male,2.5,3,0.833333333333333,First,Substance use
2017,Male,4,4,1,First,Substance use
2018,Female,2,6,0.333333333333333,First,Substance use
2018,Male,4,6,0.666666666666667,First,Substance use
2019,Female,0.333333333333333,1,0.333333333333333,First,Substance use
2019,Male,0.666666666666667,1,0.666666666666667,First,Substance use
2021,Female,1.75,5,0.35,First,Substance use
2021,Male,3.25,5,0.65,First,Substance use
2006,Male,1,1,1,Senior,Substance use
2007,Male,1,1,1,Senior,Substance use
2008,Male,3,3,1,Senior,Substance use
2009,Female,0.5,1,0.5,Senior,Substance use
2009,Male,0.5,1,0.5,Senior,Substance use
2010,Female,3,4,0.75,Senior,Substance use
2010,Male,1,4,0.25,Senior,Substance use
2011,Female,2.5,9,0.277777777777778,Senior,Substance use
2011,Male,6.5,9,0.722222222222222,Senior,Substance use
2012,Female,2,5,0.4,Senior,Substance use
2012,Male,3,5,0.6,Senior,Substance use
2013,Female,1,5,0.2,Senior,Substance use
2013,Male,4,5,0.8,Senior,Substance use
2015,Female,1,2,0.5,Senior,Substance use
2015,Male,1,2,0.5,Senior,Substance use
2016,Male,3,3,1,Senior,Substance use
2017,Female,1,4,0.25,Senior,Substance use
2017,Male,3,4,0.75,Senior,Substance use
2018,Female,1,6,0.166666666666667,Senior,Substance use
2018,Male,5,6,0.833333333333333,Senior,Substance use
2019,Female,1,2,0.5,Senior,Substance use
2019,Male,1,2,0.5,Senior,Substance use
2020,Male,1,1,1,Senior,Substance use
2021,Female,2.5,5,0.5,Senior,Substance use
2021,Male,2.5,5,0.5,Senior,Substance use
